x1,x2,y
0.11352578602785957,0.8766096368969654,1
-0.32679144361215884,-0.15490314337611077,0
-0.6876948052676193,-0.44923765148916295,0
0.6275900394138973,-0.5009076003009878,1
-0.05684762289968326,-0.963986888799091,0
-0.2997494816665398,-0.7323432740006137,0
0.9988274515413331,0.7130744474958537,1
0.16247644284522456,0.72912721904534,1
0.29842060423212713,-0.1801902206074235,1
0.7810545614797899,0.6432737954209433,1
-0.36941932433877933,0.537845564215282,1
0.03260069660239062,0.3227412221408288,1
0.13661720667094324,-0.7572301211551422,0
-0.7214558546732255,0.7579578005645347,0
0.17368223604175825,0.4240280406615615,1
-0.8317863877700051,0.35293587445272445,0
0.9898156452928706,-0.9997306139910294,0
-0.9598576044445473,0.6381270277233122,0
0.16673753019431925,-0.23233409613391198,0
-0.6459790314465064,-0.684090354329304,0
0.13977936974263305,0.26261510618397743,1
-0.44004181267943165,0.5321295530706052,0
0.744247817888303,-0.9846719347015493,0
0.47014208760777154,-0.679856730090854,0
0.1350816965231163,0.13907955913420733,1
0.5965903579335503,0.3762694121730843,1
0.736545010816761,0.8368528642908173,1
0.75330720531669,0.6999507429613239,1
-0.7937522623281348,0.10845302826403325,0
-0.42857582743627853,-0.6310474937327213,0
-0.9415054339308817,0.31470696434025713,0
-0.15155598150604743,0.19645058812747762,0
-0.8482733437826722,-0.7890526000867388,0
0.15380776925271822,0.05408292782330326,1
0.5673060254822861,0.03877171900787468,1
-0.45851065371289246,0.6912087259798136,1
0.4243584426950717,-0.8836724089890484,0
0.42648957444599,0.9825119874043766,1
-0.2621727208604552,0.33583999760725414,0
0.43194445769479506,-0.38737300244357464,0
0.7378099689574364,0.4286532714699951,1
-0.978008342683039,-0.3953335012970125,0
-0.39077246165325863,-0.6377013009306394,0
0.6777961728918682,0.7484450493703516,1
0.8590582884956517,-0.39049780922773336,1
0.5726900288311041,-0.7541586430692249,0
-0.22264542062103598,-0.2931572413945638,0
0.2554161061428357,0.3384005258761569,1
0.9752991274721157,0.12814805766703552,1
-0.05557014967610141,0.43519553131635247,1
0.4495335430575229,-0.7142994253983228,0
-0.5255018250063999,0.9897326343395343,1
0.9312640661491187,-0.17290179694929697,1
-0.7210122786959163,0.8688720536110286,1
-0.4137045394779735,-0.6910805055533524,0
0.7853434221539497,0.2115584989053807,1
-0.7787365260895855,-0.7915503943833047,0
0.6992947813548229,-0.7718084302241333,0
-0.6534113598583084,0.5384462956762672,0
0.5408148356155864,0.6143110747297651,1
0.6883408979383943,0.9461563259446657,1
0.7549440270541059,0.522243074086316,1
-0.7602692653326344,0.32982344897443605,0
0.7109211680220144,-0.7438085072676,0
0.541934359909122,0.4486776342574823,1
-0.5080845432309837,0.2682842765914737,0
-0.20691443535745968,-0.5902374516985749,0
0.7429211803754354,0.33897391039638025,1
0.19368569783377843,0.5884213250988108,1
0.9008229681531175,-0.1262985947696409,1
-0.19829716647272022,-0.3373059857938985,0
0.7582366151243294,-0.10130051592071587,1
-0.13668090754064122,-0.7987250429529333,0
-0.37128803784734665,-0.546687195546024,0
0.5905346237197804,0.19671496859551763,1
0.6289369651778716,-0.40490309736235885,1
0.42919184540012467,-0.7572271636811871,0
0.7800106836351326,-0.92314730207535,0
-0.005502988215229099,0.041915954544084366,0
-0.7977546477544195,0.20697533319290962,0
0.33511547704205435,0.155186731762315,1
0.3818754762049319,-0.8381614338974956,0
0.32039475343546253,0.23002593607773325,1
0.7935308492528503,-0.8607177036751885,0
0.2338538367514844,0.2896652080446276,1
-0.40530198525489847,-0.7311297411837563,0
-0.42552201669183654,0.8584561072637078,1
0.5017421355829947,-0.28923086262852116,1
-0.8848824799667114,0.5883946625541685,0
-0.3493393384734713,0.8000462467960223,1
0.2524406432628308,0.5626437114946101,1
-0.24883409472011198,-0.07704507075053169,0
0.5090857481693647,0.5675835689707944,1
-0.9635563486969005,-0.5729772673786562,0
0.04902277914050934,0.7114745178115727,1
-0.3086080129921611,-0.9087025089952325,0
0.8640562110200349,-0.24181190265612762,1
0.3933016477537845,-0.7839484917386172,0
0.4316499293641771,0.03339677045253553,1
-0.18117669561751915,-0.944926560261069,0
0.5399871061972217,0.4326467761253645,1
0.8995998265838481,-0.8692676848712295,0
0.1530329510285071,-0.6917099136430258,0
0.7397927241242566,0.9856336779981407,1
0.29183448266320244,-0.0992980421891747,1
-0.7735239083184895,-0.30955371439661583,0
0.05787426805442397,-0.7780038024173703,0
0.41447726862679724,0.6051713591596257,1
-0.7608115081233966,0.3848723026487393,0
0.4580143360819746,-0.8085708889596765,0
0.32504456870796394,-0.03290870656015055,1
0.6574750183038587,0.5610510304877236,1
-0.17036099532466964,0.4616419299614596,1
0.5542938318548736,-0.8227991406407655,0
-0.4835112234020833,0.5440249526199807,0
0.037835410565675076,-0.11191250159559418,0
0.23172637636460913,-0.02474438066557827,1
-0.1444537325282753,0.28095208435168795,1
-0.13610996271576847,-0.5130354068474015,0
0.24417340045574698,0.7556601563040817,1
0.031192057158500486,0.3220285084946406,1
0.416145155592091,0.5297665230842565,1
-0.8056470124584629,0.09591897794738591,0
-0.3765778478211781,0.6119850995503162,1
-0.28865456707010173,-0.5973757843551335,0
0.7741728485302346,0.9262302231783477,1
-0.14912712276716644,0.8143900614116597,1
-0.35529231005055406,-0.43992534089902113,0
0.39204123610758446,0.41395297491143235,1
0.07219273268824078,-0.5060424018560004,0
-0.25596382841443366,0.600141937398319,1
0.537974830361021,0.21705454539293312,1
-0.00970694597205135,0.522075580501566,1
0.3807896572587306,0.9670429454304441,1
-0.6080342751617096,-0.17794306038659058,0
-0.6767425718107725,-0.37636773382948085,0
0.873659478649516,0.9280576943310275,1
-0.0924209172327215,0.671651855821032,1
-0.19847387824934803,0.1543997734691016,0
-0.8289829382910638,0.2738046349094865,0
-0.6582248252198684,-0.9336212908751476,0
-0.6827897894138526,0.6443597736328466,0
0.3178478838203027,0.5779703198415866,1
-0.2780522061199464,0.022550924401502304,0
0.9036235708464779,0.9697168055249517,1
0.9302373928720911,0.8038803934983001,1
0.24659625365511584,-0.21818800818897066,0
-0.8966365576627846,0.9130027965989602,0
-0.8379075681847041,-0.9912734606993818,0
0.6124025595861227,-0.8330718300212334,0
-0.11847450612354371,-0.027999012404793966,0
-0.20366261281811338,-0.3812545642744358,0
0.791046456992401,-0.5950388796695252,1
-0.6784802079033836,0.21550424450544514,0
-0.1476373955280541,0.546283747837343,1
0.2822952657705946,-0.8581355677324531,0
0.31738726323789,0.7227399927268721,1
0.510274511347238,0.30194693430190833,1
-0.4401322061081143,0.549267561275576,1
-0.9259847305690148,0.35364259771479123,0
0.9363868558294435,0.9255367005064121,1
-0.14578442274748737,0.3800097816413315,1
0.9737738732010346,-0.09646464252554177,1
-0.8873934486363253,0.27235472941646544,0
-0.5634922242698717,-0.28437183177290226,0
-0.2470732662439008,-0.30531334748231465,0
-0.16483844843014328,0.006167901559672728,0
-0.720455246747421,-0.39746947847999925,0
0.450515320830273,0.8364781733508742,1
-0.09891172937981296,-0.5493661400975298,0
0.257885693559768,0.27258270795849615,1
-0.021150072713719048,0.7861804103908299,1
-0.7102102558175538,-0.47377486017831427,0
0.9252968293558501,-0.9581100779381744,0
-0.02109447944487397,-0.2797271850569618,0
0.7891044537881828,0.5124272279003537,1
-0.7181515500504747,0.3350997985829409,0
-0.6268598822279283,0.32367837969875723,0
0.06517886510317172,0.9536006570213187,1
0.8416837652347446,0.4045175320633285,1
-0.22159664253167377,0.9161469602387604,1
0.7944315159066535,0.005132152926884848,1
0.5597510917152477,0.09905907179003393,1
-0.8445307260700303,-0.8620839672871576,0
-0.947266051005496,-0.1778087947985869,0
-0.8497244365283825,-0.7024080611897687,0
-0.9668243421442877,0.755948640890139,0
0.9469779383547938,0.35508453491790637,1
0.2558007789818155,-0.6315503215239477,0
0.15257672033362635,0.025335451912832818,1
-0.1571508988150041,0.3542412794700187,1
-0.74168116969701,-0.498066677319404,0
0.7024138280975374,0.9320950102573544,1
0.4384035565445277,0.32486802340213616,1
-0.038826845346704,0.9015454154626761,1
0.8008361143266609,-0.2026739444553738,1
0.9223811276478284,-0.9136525284059767,0
0.19579995762217028,-0.543840456102135,0
0.48701651258321554,0.35562640062008843,1
-0.317867297899483,-0.30780054692442893,0
-0.051571566685072456,-0.44248025517089395,0
0.7991491465491369,0.04289137808717891,1
-0.23221755725357718,-0.8727181814267153,0
0.04448652010960874,-0.8304159679083936,0
-0.7970569142679358,0.28165262938041247,0
-0.8692873184021153,0.5068558445139382,0
-0.07464042866078713,0.5891565574003805,1
-0.7949805440186415,-0.32530890646181465,0
-0.06519697750026054,0.2495677255788049,1
0.2191286679597937,-0.7445730327295303,0
-0.7450226753360352,-0.02466586275747118,0
0.7435671331844034,0.2687273777433743,1
-0.09091787046445354,-0.0836262265242147,0
0.3560323051181271,0.5636477266898712,1
0.2879990864780315,0.3849856533384506,1
0.5771944224490615,-0.13080807828257646,1
-0.2337229435010051,-0.721606597308609,0
-0.5441296749161166,-0.6493941152846807,0
0.8346271509244856,0.15455805846626247,1
-0.10798845408408853,-0.18483158285236612,0
-0.20199459225973948,-0.2108478488047072,0
0.8288238918499196,-0.3054459219389849,1
0.045465658763988115,-0.45167866688038827,0
0.8885329782268678,0.60887441535901,1
0.7935768198120237,-0.4257240838308489,1
-0.7842171460133911,0.7883817493282366,0
-0.2672763134126166,-0.797158343101567,0
-0.2752122017667338,-0.2618939564781668,0
-0.04024875939218231,-0.846275849447673,0
-0.8175877939026193,0.23917867491968137,0
0.7168255036860236,0.23197090052035807,1
-0.3183929194939643,0.11016989860457249,0
0.9801077002085266,0.6887141654792319,1
-0.5507903541200361,-0.4847855593325563,0
0.13026636717841789,-0.9265572749983577,0
-0.3780353565686756,0.9755710404297746,1
0.8858194078250383,0.8543556389589053,1
0.10835600503158682,0.08340962482000802,1
0.839711232825521,0.9101210229699779,1
0.0934205586865593,-0.9131749342903617,0
-0.5327844979001801,0.8122220042649941,1
0.12187594307077254,0.8913962940005646,1
0.4639878836228102,-0.9487158683871286,0
-0.6775574254919912,0.30175473809438835,0
-0.2075159621946825,-0.9062961829447937,0
-0.6388493097453329,-0.9617678111404719,0
0.036659304727473474,-0.023517725956443636,0
0.21547358975771824,0.10500193481577824,1
0.3925775517562795,0.6682891940013516,1
-0.7703263505215929,-0.7780210615730379,0
0.5111022770860973,0.6007130156447231,1
-0.7058530381419241,-0.5224075772369214,0
-0.7790517737372107,-0.4379910021825728,0
-0.6084177304214071,-0.7365424530908762,0
-0.11693899725324597,0.176404533896781,0
-0.07598839271173463,-0.035917883775834936,0
0.9733251865342929,-0.6685004403596881,1
-0.14363170336537134,-0.9616154463538866,0
-0.523634437906547,0.2021483336004659,0
0.6043939615080793,-0.8089293723306636,0
-0.6302910889489459,0.2663027511880447,0
0.12255439513899247,-0.7917807012316673,0
-0.963779632358319,-0.9889884016791584,0
0.22683039187157972,-0.9327727996334347,0
-0.7658659671447883,-0.8702928110340633,0
-0.5842274897079454,-0.31879166683741667,0
-0.8508987126404584,0.24771864935314603,0
-0.43593085485738703,-0.9813367603458134,0
0.14155660933782377,0.49765267392661294,1
0.5930745819523526,-0.22366858774600895,1
0.10870810502280137,-0.9160975531367275,0
0.6382046353483994,-0.24934018416079629,1
-0.6268659518973885,0.352355124150868,0
-0.9816058967667407,-0.7886706314765122,0
0.21285811931917986,-0.12097662273417975,0
-0.6363500655857988,-0.6084440286329078,0
-0.8872490066981458,-0.4869398751115044,0
-0.5557843790585395,-0.30485695152203585,0
0.9221406349389103,-0.29045741632803157,1
0.5792362855891078,-0.9935634727914426,0
0.2631204401850411,0.1632445859783871,1
0.3934743307283013,0.7466458317216154,1
-0.6269629792002915,0.8611904292878325,1
-0.036955296974899854,0.3482605910721259,1
0.8309765951760837,0.37544408486112135,1
-0.9690867669422651,-0.16769200364047698,0
0.7754083655165995,-0.03805422022775251,1
-0.7644978342197177,0.08281521469517039,0
0.1489462263598238,-0.9751919274453704,0
-0.869896814029441,0.4323013484463871,0
-0.627123475711491,-0.006609154364106917,0
0.5012295032817167,0.45292343022600967,1
-0.5771039860069107,0.42048559724662304,0
0.6612388155754583,0.6587893297176939,1
-0.2985763690965797,0.9102304145834028,1
0.20004109623860744,0.001207142309415099,1
0.7535312735234989,0.40526754617103267,1
0.613669478534528,0.9836199026987269,1
0.09746757873317224,-0.6959502937427038,0
-0.5053037965136047,-0.6975063425301309,0
-0.15728599544585964,-0.19425343473472578,0
-0.22980454279614948,-0.569596255965525,0
0.9398197043239886,0.4362461524529888,1
0.8829296175530503,0.9693394790490164,1
0.3609986041494262,0.9483888876327142,1
0.18482913772408494,0.6060517956653269,1
0.20103372086730675,-0.4595046157384335,0
-0.5962930957541033,0.9044435713951893,1
-0.09832125719173579,-0.7723232130467972,0
0.9517305116382626,-0.35666002068090275,1
0.18178588637648363,0.6348994169823832,1
0.8587519782551716,0.306325581062566,1
-0.21551190980053536,-0.5972724357280512,0
0.6577667317652189,0.751766167034114,1
-0.20299053120525312,0.8861516754894152,1
0.5591689471335066,-0.4314518141449666,1
0.30065137269387376,0.8390620493120995,1
0.588050378540592,0.14354470409664444,1
0.13589046110525893,-0.0463130633643658,0
-0.942434647373322,-0.17646891683098298,0
-0.7409701574343917,-0.37330416482971374,0
0.818065041331282,0.5175525075146503,1
-0.16214910099090418,-0.23232223391004103,0
0.8504966348313316,0.8527652134601735,1
-0.6674332624878412,-0.022204336415097226,0
-0.3262084164577863,0.696084179202968,1
-0.33151221836607836,-0.4484648634972861,0
0.8531752503229888,-0.0975213116380238,1
0.40193826291824,0.6099779993615395,1
0.7477801551250305,-0.8847048356019502,0
0.41634417729056317,-0.1914205054902618,1
0.757259972710316,-0.27989906819804333,1
0.9994353465722612,0.1306605091432198,1
0.8723095483215619,0.9191532886420668,1
-0.2629473125524777,0.5703790862968168,1
0.2457809516380005,-0.8574865444694828,0
-0.8838327756636011,0.16034473845466457,0
0.08380189475671629,0.5290555893094353,1
-0.055866109780001505,-0.8671123112884502,0
0.9810102840013466,-0.8016438008255682,1
0.06523453291004633,-0.841186830713941,0
0.7087701867391583,0.785116454972949,1
-0.17476464617714704,-0.1970113682774235,0
0.9724214889592058,-0.4356258506135997,1
-0.08349421901696674,-0.6451424610605863,0
0.24061910270692932,0.09086373881381093,1
0.5389858663838738,0.5768946865065974,1
0.5915853388722021,0.6817431588518452,1
0.30902242856227047,0.694121653967799,1
0.6309228569096683,0.7255941550864571,1
-0.016810906517126245,0.7802822747920293,1
-0.2738354072027298,-0.30411717683566675,0
0.47280403013128103,-0.16686834303541564,1
-0.7588662284454424,-0.97136944466588,0
-0.5136556180010918,0.37681003698427373,0
0.5215700972337949,-0.7432114210917495,0
0.3270747440334212,-0.8579846709334891,0
-0.0951209677346132,-0.8809505993044566,0
-0.4298096626123058,-0.34979196913660204,0
0.5988317579379585,-0.4284328889482596,1
-0.7587282577987984,0.5865227008765088,0
0.8642365649672248,-0.5618623817962844,1
0.7369359517958256,-0.6799501270736119,0
0.30284077670372844,0.52380362520974,1
0.9081020545174447,0.7012321156822756,1
-0.7249581117080135,0.3899021778049234,0
-0.8430872373154681,0.5287453244434719,0
-0.9070991745600046,0.07832255335050897,0
0.9272399541785057,0.52057964624427,1
0.8945666792236306,-0.6078045745232141,1
0.46622604483056196,-0.12677162046246782,1
0.16678358953224093,0.9430653818021013,1
0.2992932979847369,0.6079170151050406,1
0.7675717699268514,0.4972904682524,1
-0.7140166358943283,0.15996757485626256,0
0.037581243486732197,-0.20136816838138372,0
0.25501092643674017,0.0012485361408356432,1
-0.6154219623826584,0.5958283192317881,0
-0.9095626597876212,0.06484136455043421,0
-0.5247249120152007,-0.20603696585143316,0
-0.008248529842458385,0.4077141832686624,1
0.6073441537982289,0.9882787224423351,1
-0.6747661213102174,0.5187965248359274,0
0.23001445339833948,-0.09124533088007825,1
0.08710572222797719,0.6627470287714197,1
-0.5871574564787936,-0.11911729937515192,0
0.09905776464747107,-0.8140187203537357,0
0.8892284389480465,-0.26143845956891787,1
0.13146392799158213,0.2882984429518318,1
0.5054332791152825,-0.16699113619224204,1
0.08544888669519235,-0.2762938135897226,0
-0.282339031752995,0.33560936645281303,0
-0.8329985666026625,-0.13196126765224947,0
-0.13229670152405393,0.22587916498905103,0
0.7372463359112216,-0.2686385034772574,1
0.039547897112035324,0.309301373731909,1
-0.5197087624436139,-0.0043749839314195516,0
-0.9095454221789239,0.6797226057334407,0
0.16862862384620048,-0.7330400551681124,0
0.9014286128198323,-0.041636244740538064,1
-0.1495729910615331,-0.42151045605469095,0
0.1168084994716101,-0.5587760945775775,0
0.07421308363709556,-0.6524768137285124,0
0.6316662499812356,0.6786769847120047,1
0.26524378626789624,-0.9706132226900923,0
0.5418244074916438,0.7541811620363779,1
-0.7198319695269519,-0.8038348384315108,0
-0.5740716769821785,0.025005297540663385,0
0.9396420901570894,0.6217571620158369,1
-0.9158136207272762,-0.3570085975042361,0
0.34503691215407684,-0.21694860364434132,1
0.8872318403351978,-0.08400848199285704,1
-0.25077477074705756,0.773849800418539,1
0.17245966403359447,-0.4386335689680514,0
0.475164603177783,-0.40941901190411345,0
-0.4964354083492717,0.6840665887528425,1
-0.829305070012464,-0.9757830495302251,0
-0.22366014758695618,0.5528948929994493,1
-0.6961946129754113,-0.23915998498487534,0
-0.7439083220844551,0.644206321200451,0
0.19253975696410608,0.6569385988982341,1
-0.3620487394124774,0.08447441098369657,0
-0.7311706461220515,-0.9159506496571894,0
0.6011733982181657,-0.12600822866875827,1
-0.7623641674638562,0.571303236160464,0
0.7921825998469865,-0.8797153147984296,0
0.8999223679004507,0.29563489198105675,1
0.47500249621949675,0.27280274036681407,1
0.9647572338172128,0.6740822504858801,1
-0.016768249766335286,-0.25566595232497336,0
0.7805275677818326,0.45901645730479346,1
-0.36615598968744467,-0.517597084800917,0
0.7323522915498704,0.06720509345375691,1
-0.5057935319797071,0.852388136863564,1
-0.10517526635309071,0.7805161060356043,1
-0.8261594238251526,-0.32958390525825454,0
-0.4553853469612621,-0.2210362101951593,0
0.24183103553495422,-0.07180968109299224,1
0.46444977281912236,0.9120942872238662,1
-0.18209411117146024,-0.4091104450451595,0
-0.1830935738586026,0.3740385330064855,1
0.40496816797421853,-0.04796374126246694,1
0.7242552345309012,-0.13236516084694094,1
0.2782398756310007,0.5084965193641615,1
-0.2830685429114548,0.21418807217756153,0
0.8107639528385273,-0.3461367673238418,1
0.49087894836866,0.6519564254161636,1
0.6331988789431542,-0.6293396409425711,0
-0.8460935967415817,0.4757390371230601,0
0.7877851661019153,-0.36610682441776143,1
-0.5158894569769992,0.8739156460621256,1
0.4651441944205006,0.818909221874484,1
-0.2454316737907547,0.7163541063143279,1
-0.865847045223145,0.2721920928190844,0
0.18058988502961548,0.3765484715604741,1
0.4854130423999621,0.15424517207664157,1
0.8165317719333074,-0.9276792389504758,0
0.5945907315591072,0.901062105172407,1
-0.4951261113119585,-0.1450206241587697,0
-0.34961987155061025,0.8815690410062158,1
-0.17923415392874054,-0.8647748728155702,0
-0.6553602575967403,0.2691648351006075,0
-0.5006639822816281,0.693937708414121,1
0.8555045663904259,-0.3648264094777667,1
-0.945808014993033,-0.10716096719683565,0
-0.9492272886793103,0.3459332447888648,0
-0.26456839388113296,-0.7979083779787066,0
0.7345884019196047,-0.08460078968141205,1
0.3174155510017522,-0.14259595802713276,1
-0.6380460945810205,0.8929130263008109,1
-0.43629045045320014,0.13004398571803222,0
0.16731222370174414,0.9132292421669159,1
-0.3424967794249836,0.8184404117231203,1
0.9113029964595067,0.7837442896214695,1
-0.2596825994891112,-0.9779374711427056,0
0.06270926313629599,0.4750167189180139,1
0.937755710571383,-0.3762722841662336,1
0.9300538213330252,-0.4369576031701401,1
0.5425406933718915,-0.9527228279073272,0
-0.12173018285956316,-0.8420616756183428,0
0.26680170863345154,0.07740359590542845,1
0.47288847124944566,-0.20596991752561666,1
0.9389408665507377,0.388301147019662,1
-0.4573019364522082,-0.5262588820510359,0
0.26367442433959853,-0.10277873809091487,1
-0.867007465266445,-0.8069310596091184,0
0.45191135774047875,-0.948376186101026,0
-0.1124995613908577,0.4288483281424844,1
-0.014763812014260802,-0.07213724637533447,0
0.9688043614071042,0.9680263264209286,1
0.829728780440897,0.5386097872826796,1
-0.3158365025681851,-0.5251330632503874,0
-0.24748082893816847,-0.3436144927813769,0
0.6648852816008435,0.9110473919098694,1
-0.16351392741876225,-0.874693593089291,0
-0.29882488238680605,-0.8960868448914632,0
0.24026519560307347,-0.6821836646612929,0
-0.6522095015610254,0.022258278474459603,0
0.9243450969490838,0.14374454245437307,1
-0.812036120318262,0.27440295361656086,0
-0.6439280662604971,-0.8396399718361931,0
-0.9091072393170843,0.4558786139475304,0
0.40731571876004735,-0.3234649880110032,0
-0.36179905351348873,-0.9822734297730622,0
0.8083173889874968,-0.6705872931354082,1
0.522055805004056,-0.7769755753574472,0
-0.12205715858872779,0.3206054394026763,1
-0.7448393944088725,-0.5202517744881106,0
-0.6362398312017103,-0.5924670817446218,0
-0.22288379745930853,0.43690789464510016,1
0.9435641654419213,0.8540019358485906,1
-0.6535962601799696,-0.12119002061109563,0
-0.4384552751182884,-0.10043070235735496,0
0.7458916717528166,0.1470579029111465,1
-0.8588625051991403,0.8378530672791089,0
-0.42261252645860026,0.2413209596491681,0
0.31048396127804345,-0.2453638920736143,0
-0.7730529575188219,0.9512204017198298,1
0.39194841218739596,0.9357200696900609,1
0.6836575535165441,-0.06246406907098834,1
0.02335488423133225,0.11951136727676515,1
0.4124844543129924,-0.0034886354730927494,1
-0.9269006643038102,0.8049066145716834,0
0.9932736741478108,-0.0721350266233276,1
0.4468402273771699,0.2654237574972018,1
0.6766574094222757,-0.1624133618516772,1
0.8449987623545914,-0.3222787013224968,1
0.6437201185807124,0.6500988203601241,1
-0.7856559773204479,0.4387072447383171,0
0.9391692555291171,0.902806684413314,1
-0.9889557657527952,0.47374748988836424,0
0.7294447525101064,0.30834920294814894,1
0.24014551185702704,0.03489270351008256,1
0.07898258475067443,0.3170810313401098,1
-0.4907186904724723,-0.41556353907620447,0
-0.42049709417246395,0.7601581751229165,1
0.975336015993294,0.7669295259721214,1
0.2517827528740182,0.22720822847491684,1
0.16017241567562235,-0.7962152238679729,0
0.9264450788812226,-0.9476065829358704,0
-0.9642521305331724,-0.047126027312416774,0
0.2748598029964131,-0.40692883742468955,0
0.6698604735985982,0.6534147194829749,1
0.7744254851526531,-0.14360077014877048,1
0.7430736123047526,0.038064560259097435,1
0.6740266567273441,-0.2625856582704096,1
0.06422697053063131,0.05479924424535265,1
0.7202447943784092,-0.45059236990421603,1
0.6594836074144033,0.6672999238751711,1
0.05138036460537165,-0.42318912436250855,0
-0.0227136191906685,0.540316423514192,1
0.9460211095048912,0.01884425629957942,1
-0.45318585613858753,0.9625941809944933,1
0.6356684323500432,-0.12467734370359307,1
0.6762305792962204,0.017781111182111786,1
0.392059593349946,-0.024291912147275108,1
0.8618973910139556,0.38919085450657076,1
-0.9712130227404883,0.16484531641449296,0
0.2115496387137743,-0.2952501067806912,0
0.6706049911784759,0.7028499154901915,1
0.7129796823766446,0.6318938779372345,1
-0.6589517526254169,0.22066756662183673,0
-0.36249499413586017,0.6918428793554643,1
-0.9709106686642361,-0.08152024480608389,0
-0.9371416286265315,-0.6162653505625142,0
0.040615401807586604,0.08707643468529214,1
-0.5386603765644826,-0.7142480773211766,0
0.38455312903570493,0.7079239339108443,1
-0.8971483730314993,0.58101958854977,0
0.10171474121827861,0.9281568329802163,1
-0.8963529263551462,-0.7785588133473687,0
0.9958682210666749,-0.8553670494841228,1
-0.25145840848775936,0.5697939542229351,1
-0.01115939059483706,-0.2890139791172852,0
0.5204557197793731,0.5079238071935679,1
0.8977710745066665,-0.45475199853293247,1
0.1973169683940732,-0.3175043447476873,0
0.45921235667612814,0.3902891080951876,1
-0.32194041790259864,-0.2649311554169371,0
0.34378548719745683,0.7151246753225675,1
0.6258020182601551,-0.6038047344805197,0
0.6842378462714174,-0.8954842414279525,0
-0.5560556761341011,0.596760681036705,0
0.7358365890400442,-0.21360959794415546,1
0.2680114061992227,0.7804300052723487,1
0.4929828102360483,0.39007045771710636,1
0.9333096380873391,-0.48037358250993156,1
-0.012408807271218514,0.1567738340128182,1
-0.9739961529785279,0.2916447725729685,0
-0.6472260269875534,0.37317982698521357,0
-0.9136801760988478,-0.4538583800543752,0
0.08539216631649693,-0.15252349270247434,0
0.1948262043406166,-0.3151040423305733,0
0.5232392306574352,-0.3889513786839529,1
-0.8293006638427123,0.3573399133451296,0
-0.6786372534808887,-0.7474705168709945,0
0.6255991345150052,0.5772299293448129,1
0.39403148199053595,0.4747141547755993,1
0.8296918021362001,-0.08752698208891596,1
-0.5162954181990966,0.5296196018059909,0
-0.283674563934319,0.44562860641696744,1
-0.4638727183542475,-0.7188940648432784,0
0.9495863242935663,-0.20432674899568615,1
0.30392251900520106,0.5615231721368796,1
-0.8778440802902725,-0.11935316326330203,0
-0.7345684919138793,0.9622874635836438,1
-0.3073080112680775,0.6423965651004531,1
-0.5511188563266787,-0.9923601546828338,0
-0.6932971937678396,0.22156014215153652,0
0.41812103890183283,0.04291927744294388,1
-0.5427143889930746,0.04678182274873288,0
0.5988207978180853,-0.5959686631950201,0
-0.9574611782992257,-0.8679803117195168,0
0.16434092035254655,0.19026334981136306,1
0.6131222957228994,-0.5990509689431944,0
0.8511370258135527,0.23413303223560256,1
-0.0032644545210405163,-0.7710247238681898,0
0.2365095430605919,0.9682206380729956,1
0.8766809136420757,0.4073719549215915,1
-0.8904767223559373,-0.15634364292233727,0
0.41371468769523423,-0.5665203998184487,0
0.11040162319892466,-0.025876162362128197,0
-0.21783692669647858,0.7100604032398703,1
0.7266672991436505,0.7428280683817086,1
-0.35843987005652833,-0.5829789712853284,0
0.9398287956292064,0.8736449240661837,1
0.4822412985801181,-0.516212343482322,0
0.2123492689017601,0.12244557656504984,1
-0.31636529660424806,-0.5642148914900198,0
-0.41357845660387094,0.772391560930149,1
-0.7272570488264605,0.612807234465679,0
-0.5683579450063136,-0.8558313280026533,0
-0.8174266464277329,-0.7022238993351106,0
-0.32960551670819815,-0.17795784946890847,0
-0.6469439359889835,0.5506923008062712,0
0.50474905887536,-0.1747563183027525,1
-0.1196950125207974,0.05032676733412034,0
0.7022733430337138,-0.9757584507122135,0
0.6148803103281251,-0.0695887754325637,1
-0.7860387223460832,-0.8838160958393004,0
-0.12505015595254187,-0.48275833022392245,0
0.6578309483013547,0.9956417113639564,1
0.3337285150922087,0.08899391820773017,1
-0.9550613833597652,0.8001663660329614,0
-0.44624470370559255,0.23059605013960405,0
0.3364255971100325,0.7305915178178248,1
0.726206851751187,-0.5361058077680492,1
-0.4175417196039162,0.8540690895926133,1
0.28657643688470635,0.312323675362143,1
-0.07475408652136739,0.5085299466940454,1
-0.13533039791479617,0.5607522471419608,1
0.6890987970701408,0.9148960380761924,1
0.8186408041575641,-0.4868744325972725,1
0.005274186210384224,0.24779167258327695,1
-0.2138045506664792,0.9933937077059536,1
0.5230212634349445,0.12296917591904744,1
-0.6457786411859021,-0.17174049494214594,0
0.37905350206312227,0.4579621233116329,1
0.26680751302084693,-0.33399617388360414,0
0.7060189109347201,-0.7257805885420019,0
-0.451889558625588,0.10742297071602236,0
0.6291494404627642,-0.9037143280432931,0
-0.8011172144813097,0.4111717252876492,0
-0.7759221956638953,-0.44144782309117914,0
-0.41106848091616466,-0.23158657402839955,0
-0.2981699748958426,0.2846510518104548,0
-0.4803928378716804,-0.6015694502118938,0
0.6187223109570272,-0.08110646318802672,1
0.8051058133591333,-0.9895407729141745,0
-0.5366565972331132,0.4279052650131796,0
0.8487923907530608,-0.40120882325663754,1
0.595627297717269,0.4073995592581019,1
0.41115034503137693,0.25318502218642047,1
-0.7319695430987185,-0.0754088779987856,0
0.438091810368491,-0.20972451347136278,1
-0.49951420367080934,-0.2361207206942082,0
-0.35359413595848954,-0.5307158362890929,0
-0.35584166883364343,0.08158750997108877,0
-0.6621298738556709,0.8301801368140864,1
-0.8194204598911834,0.9843160296466253,1
-0.4303190112450648,-0.8217511357679668,0
-0.26443373456149355,0.2011886667212346,0
0.6359340482381244,-0.40939704485633444,1
-0.6361437390094578,0.1172847929008507,0
-0.772884815600742,-0.8646632761999968,0
0.22290847086929566,0.03314525689195813,1
-0.6949219141714773,0.14409728673860167,0
-0.9376337298774307,0.06677325753072516,0
0.3199680920683581,0.7240289645452451,1
-0.6375338676686797,0.08139695328982066,0
-0.9329351305284412,0.21417915743750804,0
0.3660135468327137,0.6814060560224,1
0.9732791570023509,-0.3315233626078784,1
0.7310142517879605,0.025309506290105865,1
-0.48244003679996617,0.9258537504751596,1
-0.4111022158608286,0.0706202629051833,0
0.8894640445828206,0.17172957690703838,1
-0.9632186469050665,-0.22897619052615537,0
0.3602815435206008,-0.8952899596250552,0
-0.8428430056899585,0.9896385879319021,1
-0.1026127547549387,0.7252809422983579,1
-0.20615344759680787,0.4234456114920975,1
-0.21510978515472923,0.7846049962793045,1
-0.25871570586621817,0.4153618694818315,1
0.3837903953853865,-0.8773007457786637,0
-0.9772927104651619,0.28513039907038307,0
-0.9182627674670423,-0.20805905467509023,0
0.7570311226026958,0.572411304522116,1
0.2848385564126312,-0.49551795965327683,0
-0.40575656875364996,-0.9210809342182014,0
0.02537702203301717,0.04033978462150234,0
-0.250919762305275,0.03816357027243611,0
-0.3496333559465059,-0.7271204948865337,0
0.754678706761962,0.6449611272687219,1
-0.03771979629036504,-0.2391989020591807,0
0.02846887682722321,-0.38542007014742685,0
0.3582046382889792,-0.2844034693491164,0
0.6348871234768818,-0.27081254360492,1
0.006272517160175406,-0.42818642152167974,0
-0.9262261052909344,0.5105408409936159,0
0.35512872368456483,-0.23875341304683984,1
-0.7422405561787015,0.3135602094485881,0
-0.06261368041005944,-0.4796844180758977,0
-0.16079987514442018,0.5974283833091492,1
0.6452011213193165,0.02444384162534896,1
-0.6025686369316552,-0.6639715845102732,0
-0.951198436886924,-0.18491393793513833,0
0.26362705403333675,0.42641376656523544,1
0.1715511625469266,-0.07892100545171998,0
-0.46594345966115736,-0.9036279752134075,0
-0.3426709092601681,0.1860886683735683,0
-0.4695952646365491,0.3843226833882638,0
-0.9312229577695632,0.1346244392578071,0
0.07479120587584576,0.6475807684425894,1
0.49494187626751307,-0.66809020940843,0
0.7341446371602074,0.7841693778804688,1
0.9754447794720631,-0.5479420043680006,1
0.3768047928554721,-0.03318512805370677,1
0.7719554964723743,-0.8227905720606419,0
0.040327002223986774,-0.08339871694268708,0
0.7011634581884838,-0.13454172796059072,1
-0.17631817170546293,0.9256207141480519,1
-0.4557097255400746,0.5235963827553944,0
-0.6659321078158495,0.3652344424468048,0
-0.4841167445696888,-0.7349506545163031,0
-0.2907556847184469,0.6069654865937693,1
-0.015767413840923616,0.9699793122817502,1
-0.804331678697997,-0.5507687763122961,0
-0.128833370374134,0.9405142194521141,1
0.9696823979246691,0.01482387743561775,1
-0.8317200700099023,-0.13500424333973604,0
0.9937485036918947,-0.27616001832427006,1
0.8687340295380297,-0.825814466408457,0
0.9681669383985902,0.4141729545333963,1
0.6296502274930245,0.43666235074400794,1
-0.812650464343815,-0.3934497048648089,0
0.7840931103542266,0.6279405390120376,1
-0.20563294076309035,-0.7148117118361825,0
-0.19171935669793405,0.4688878641511829,1
0.5783424772146766,-0.011575105499400218,1
0.5444895385933148,0.1732169263509482,1
0.2662029145465359,-0.7072520156755018,0
0.23330062904147608,0.27190941432745697,1
0.5831580874516971,0.39123629299361373,1
-0.9605789244912717,0.8332704716824146,0
0.7471572482135544,0.3085851046499237,1
0.3893929417088535,-0.5935538178278255,0
-0.5399823254245939,-0.4107612073076137,0
0.05930115671201297,0.21250587550195488,1
0.11360252491670031,0.6030742237659792,1
0.011777357768931962,-0.5860148431231464,0
-0.9184497168904722,-0.7672672042290478,0
0.6360295318449862,-0.598132622681887,0
0.5528259214839937,-0.5919287307422023,0
-0.823014995896161,0.22196197770198345,0
0.004390020662485172,0.18732158241707686,1
0.005358046457722976,0.6521352605050568,1
0.8218543689876849,-0.10052031509892001,1
0.6167946962329223,-0.7562278133261049,0
-0.46264528123010784,-0.7677220795989488,0
-0.3240096862969284,0.803523984270847,1
-0.25462296597537204,-0.012371919086142658,0
-0.30813001490607417,0.5750981717175585,1
-0.39151551408092455,0.294949428309206,0
0.938824644670575,-0.5858483815782896,1
0.2063042189327764,0.760629524297854,1
0.2903455808188997,0.5800608726141228,1
-0.16245895021585377,0.16093520198739197,0
0.09518475230747248,0.33320095809323846,1
0.22370578944475894,-0.8794652194208783,0
-0.5470084496041241,0.6118508002352423,0
-0.48422462913359543,0.7768073446173624,1
0.9679552959196565,-0.5067927300439508,1
0.6069618607696972,-0.07688505116042021,1
0.9859295922386007,0.881358490230681,1
0.31522578460068673,-0.7155012626256076,0
0.8169011226672567,-0.44637138441738844,1
0.40815953619844714,-0.8754537882362288,0
-0.8612773982496691,0.451959819970591,0
-0.12774694172936663,0.9280348142354047,1
0.3175667334214347,-0.7814715793807572,0
0.7240853019786269,-0.5785900722655937,1
-0.5340810504927325,-0.8447013306567899,0
-0.9898768323075626,0.23917590979565917,0
-0.3015808507746782,-0.8636553812290129,0
-0.8685827211432953,-0.7157257524130847,0
0.4445338637113183,-0.2508942259597573,1
0.6897506219389091,0.18069538091754578,1
-0.7506746375934663,-0.012906839319762664,0
0.9517041589250692,0.5493070623623637,1
-0.20542541887926546,0.30444851909094495,0
0.18826143070427026,0.9267888684271008,1
-0.4157107029295637,-0.2967546255207312,0
0.4167259534300696,-0.5822345519896726,0
0.4266991717691049,-0.6755331884350413,0
0.10381367754897108,-0.6684509196734485,0
-0.9513680671370923,-0.6107549763584699,0
-0.36137272481917027,-0.38879156901957024,0
0.3963234280394903,-0.47658863252818806,0
-0.6371291298204054,-0.18074221020953596,0
-0.29329554394789437,0.31391031253427903,0
0.005440780184958305,0.9908750323826199,1
0.36946234510775855,-0.456100547742738,0
-0.6783838971650027,0.30040218479630676,0
0.8922309242672655,0.458346975098896,1
0.828597613120998,-0.3192257914909886,1
-0.10310895604336046,0.4441418764054741,1
0.962372356054847,-0.20973818477699346,1
0.2728208225275608,-0.3532568757689585,0
0.7340629922448971,0.3132621474157522,1
0.5446367834712786,-0.8365493085064435,0
0.9600651505709541,-0.8695908174790159,0
-0.656641428303393,0.9222709708151859,1
0.6197488917092697,0.7166833535982418,1
0.5647709681165469,-0.007482494235276915,1
-0.3297622914817162,-0.5685186416470918,0
-0.5014155417022501,0.03811958181654074,0
0.7414998025450228,-0.04732853339780241,1
0.24829781569826803,-0.0288206006812044,1
0.3431463911855992,0.41567019445953735,1
0.13280928059379438,-0.048907925026346666,0
0.055402218172599715,-0.4025488528224539,0
-0.8373024387162005,-0.8458834417313377,0
0.32760905524361017,0.045020362171176886,1
-0.3162556679226278,0.6709604514843888,1
0.4993036634858494,0.5479827563055251,1
0.26695643965229454,-0.37206656524529436,0
-0.25905579441723603,0.9342532305183409,1
-0.9213757203178021,-0.7185769439024832,0
-0.9738110868233327,0.5023560956168363,0
-0.6006524356832805,-0.43025419607615434,0
-0.45833549747585156,-0.8032087005732054,0
0.5272115883195216,-0.9380884181613129,0
0.9823372522739531,-0.5161366393689408,1
-0.9469355922523606,-0.856576222304698,0
-0.9321080428284023,0.4454139153964569,0
-0.09342233050394477,-0.155931479744722,0
-0.609514024403911,-0.738579246519601,0
-0.7678547189861675,0.4961463588590642,0
0.28715539039304994,0.5432538219572154,1
0.3270035382161116,-0.5679236349808008,0
-0.9491617465118096,-0.8286835008071389,0
0.8000372836962102,-0.6107523265902561,1
0.33007334909251096,0.9328347717328147,1
-0.3202500724638677,0.48095226390703827,1
0.8654569667080265,0.8128749066888219,1
0.8417448010636264,-0.6957914335554543,1
-0.7182859592404003,0.2075909058987755,0
0.9926678321134839,-0.42223012218166867,1
0.7419382474921712,0.9546158159830074,1
-0.08172848752347739,-0.9456651575488804,0
0.07868448383130144,0.4613010204784922,1
-0.28649334661282144,-0.4503879289037278,0
-0.08868649442857413,0.5310257979822195,1
-0.6912745694515954,0.09329644037557694,0
0.6057068971960229,0.8152220051131098,1
0.337286439848862,-0.3921071975185524,0
-0.7422602650531096,0.7603134758429702,0
-0.9534561285283483,0.01672109383255993,0
0.7549217252607607,-0.45921342723094893,1
0.06692218395264304,-0.13914517935801962,0
-0.4269174957434312,-0.8666959188786201,0
-0.6368045663971487,-0.7199518048933646,0
0.7961085788814275,0.7473971869326901,1
0.2701873017352876,-0.7569972473981639,0
-0.44281932193608275,0.06605773449227992,0
0.7247274174934903,0.7591637099030584,1
0.7371982563789206,-0.27552911669542324,1
0.475793833391537,0.06060426649831663,1
-0.47547191140034983,0.7399383192953699,1
0.7214611665126869,0.07165536894616253,1
-0.8728832994279527,-0.00646628228166124,0
-0.8843146468732073,0.25911539378347315,0
-0.6532528094104904,0.37265439337219486,0
0.7774961597379544,0.5778649435520145,1
0.1816665211380215,0.03681604389040816,1
-0.9588310114083951,0.625971477432187,0
-0.15173865739522796,0.8635074388656327,1
-0.3470773835120162,0.707569843409334,1
-0.3060935962075446,-0.9968697896170542,0
0.26461166118715895,0.031358855392995544,1
0.6529149322154832,-0.9293772901195219,0
-0.5523647703547538,-0.5063522615961955,0
0.4617349504072885,-0.774839219176126,0
-0.9079947159564945,0.6235395761802751,0
0.44490423052301065,0.7732084304809335,1
0.873211384589923,0.32609438360684484,1
0.07394884578682714,0.4818081123041429,1
-0.06880396373507969,0.27333936433441464,1
0.5903723895374073,-0.6517813293318313,0
-0.857622703079542,0.4656030895325012,0
0.4281738642648556,0.5146204142688777,1
0.7617415183978569,0.7006960022397908,1
-0.025137603500972716,-0.9532958073436282,0
-0.7223456547011797,0.551223701850655,0
0.3442710948117571,0.10760448142475254,1
0.6162407591288339,-0.3513324937692488,1
-0.030954029617957346,-0.1644780414498006,0
-0.7964350547591925,-0.05742566520367087,0
-0.00964617977745963,-0.7862461538105123,0
0.2022300234864176,0.21581018558688925,1
-0.6871259146578279,0.24932713770852755,0
0.8796642472269502,0.8192536388731848,1
0.815132947852186,-0.8611523145078133,0
-0.541497209534717,0.4871878323531196,0
0.38525190445232904,0.02770892841353545,1
0.6211066615636658,0.7996666913745449,1
0.9942490003154223,-0.4133827784388706,1
0.25879727627052507,-0.6277971643074454,0
0.5597019777866996,0.6139309817679872,1
0.5249173714813811,0.18339432461265104,1
-0.7458789746962304,-0.9166541987952315,0
0.2840632923085755,0.9316443223064399,1
0.21508970380287673,-0.3773846016879927,0
-0.16517799370244202,0.5123266577904921,1
-0.7514055530289105,0.7455076791322559,0
0.022684797721875594,0.5738067725105902,1
0.01714138232940554,-0.2900073883361254,0
0.6425146093440257,0.02472755509158131,1
0.1432253789397997,0.742408964526104,1
-0.6741311458371406,0.6930286773805561,0
0.23643612663252211,0.12132018883234186,1
0.4060379177903557,-0.6951679733391651,0
-0.7682618809497406,0.09339482542814004,0
-0.5224457084633953,-0.5352313538879043,0
0.5896190974998587,-0.2565214101873394,1
0.9543483684426346,0.45411352323078025,1
-0.5424036690167551,-0.532575836179134,0
0.9720021276457418,-0.11960200408901889,1
0.7926716370422395,-0.9491044801884982,0
-0.48115313313741503,0.9760719323111837,1
0.9421164903307355,-0.2825689491659731,1
-0.26707693025720425,0.9340705505122924,1
0.889531459764856,-0.30098725582636243,1
0.9713009082212014,-0.8247145064723229,1
0.3033336507517701,0.8854486381882245,1
0.802316020981978,-0.8387969724857507,0
-0.7559235303104423,0.41809252344486536,0
-0.2880546426974768,0.9599406587177013,1
-0.9783246970394033,-0.26411849739583104,0
0.7942205199051542,-0.7296674216903545,0
0.8881186793732265,-0.10336188926115564,1
-0.8524068705292023,-0.4814064822684525,0
0.9745522586298889,-0.956353206449021,0
0.39093441337972434,0.009591196609056274,1
0.4400730730921487,0.2682080627526626,1
-0.5071959335217864,0.1774630442626397,0
-0.3382039502947016,0.1889526703723461,0
0.4920897585308466,0.6796045712712344,1
-0.8168358533467317,-0.015349039997636149,0
-0.5967453599045109,-0.40552438458276563,0
0.3273423307252963,-0.5445005277935808,0
-0.17075175254595254,0.3371452934458281,1
-0.17920634602067698,-0.5456408859529702,0
0.1804613337381742,-0.22691898635394425,0
0.6929045834690364,-0.2309773447103749,1
0.24593316712696556,0.9009183411505914,1
0.2372227564303686,0.5351352570358365,1
0.1825508714898585,-0.45053694896096097,0
-0.689519508138575,-0.7539934097525087,0
0.0030325893743992083,-0.36918620850397454,0
0.9398240922145409,-0.46934772488906606,1
-0.7197736484670949,-0.22402648010626103,0
-0.687962719115127,-0.23960876242828588,0
-0.9907359539907943,0.4280652889337129,0
-0.5093017806373581,0.24681191631888022,0
0.25171983142847276,0.291621625310412,1
0.33617027314129233,0.7801940703676167,1
-0.07844246393454846,-0.36647664586494666,0
-0.20428880190851673,0.2857638201174153,0
-0.38414011681761817,0.5612634348511143,1
0.7881984073582688,0.49488881319338796,1
0.39149737796923434,0.6052866195914208,1
-0.2533813674404941,0.30458329718387933,0
0.07154936814951696,-0.006073034188339488,0
0.8990412473152842,0.7411568500920138,1
0.9017271245008207,0.7971212093496787,1
-0.3599007979387765,0.4914675654624643,1
0.5165263918580452,0.0425920953082779,1
0.7896333121210553,0.2812303670977747,1
-0.3982433803664607,0.24717137600551942,0
0.8944971547677174,0.03453811288321873,1
0.19015586140050966,-0.7386953123530742,0
-0.661014506627815,0.9517475098201076,1
-0.6492574427531008,0.11541765250008784,0
-0.6966502405344976,0.5477593114603128,0
0.04951286326447568,0.7960610978999738,1
-0.42592373365017444,-0.3687453124733,0
-0.3022634669140094,0.4533419841406465,1
-0.5514613810788804,-0.08039915246135965,0
-0.33018877068582775,0.6585735986335111,1
-0.07493056773370421,0.2693425465078829,1
0.873459977473469,-0.6529509700269827,1
-0.4073837590880198,-0.18979461094486716,0
0.9730304975859594,0.24185713495686234,1
-0.5045380209976851,-0.4143559265980705,0
0.2356944804024277,0.39441876381927354,1
-0.6186245586726669,-0.7588831671926195,0
-0.8477382810193996,0.33277082715641293,0
0.49521876035250223,0.16561367016697925,1
-0.9253036225015712,0.47486753744297117,0
0.17983537370926617,0.5725563987680662,1
0.39484053449367984,0.38506486307421595,1
0.5365468277290364,-0.8995479770720525,0
0.9386050712381979,0.7454605009692037,1
0.7043630006370802,-0.030607425739906047,1
0.5896226070832968,-0.38749275842677666,1
-0.2502588409525919,0.17553872172439644,0
-0.2878065482043075,0.30229516976334825,0
-0.05165234182534961,0.8561672806520995,1
-0.6429106758913328,0.16439749318822772,0
0.7401977478018598,-0.18578702174874473,1
-0.3086654333522736,0.04665926238948259,0
0.9001239341016098,0.7533015236564011,1
-0.5030217203710685,0.7850465799096922,1
0.812708770189472,0.4713262284783797,1
-0.6922081873202899,-0.8746207567562683,0
0.7321277790008167,-0.7215092577648097,0
-0.39724425167171584,-0.9306594665470334,0
0.1611767005560869,-0.7579499990296139,0
-0.7868034937324564,0.8880841876507957,1
-0.8170263252044903,-0.27953216239914425,0
0.8804604828499152,0.6839971057801231,1
-0.6259125028849533,0.3299698069519905,0
0.027978978319621595,0.5135030113772701,1
0.046195688340297636,0.6838671335836173,1
-0.3450052956441707,-0.3712997736325032,0
-0.6331909802931324,-0.9848742500437158,0
-0.5528083229610947,-0.3309774225161357,0
0.8264811051129426,0.9106693730078566,1
-0.5813013533265794,0.01041354715327647,0
0.7362845087550107,0.518010565043862,1
0.03767611425214423,-0.7370217602040368,0
0.5948520432138562,0.9135996309685723,1
0.10770856880264157,-0.14068637452212984,0
-0.13034532279250755,0.7270950450290903,1
0.23625648091579166,0.7202793866988699,1
0.36649605657929163,0.8658497251393442,1
0.5510552333900212,-0.9765867785381919,0
0.9382052602816227,-0.8913359303541923,0
-0.44270707152677713,0.4174893954859529,0
-0.6714684041380141,0.4863863974632068,0
-0.43244818840255106,-0.7160560204780122,0
0.8677500350558098,-0.3941381887191415,1
0.31569060920607206,0.9570509367782811,1
0.6190321494497562,0.819886287708784,1
0.7494033453683988,-0.30235893206104136,1
0.8247266912333819,0.7335407090120005,1
0.6493619318502983,-0.4038955827211137,1
-0.5753217786434477,-0.9635348346472767,0
0.6156918838825172,0.6779946554360214,1
0.7473542283726775,0.5890310889814974,1
0.5164769514081826,-0.44766088435820106,0
-0.1420119452499633,-0.6239505307691677,0
0.4039337545154067,-0.49065875590789765,0
-0.2214087719160469,0.13875472236456554,0
0.8854635482702513,0.6450695887683935,1
0.6344444004024317,0.8455143810267887,1
0.3592945653861397,0.20698619208675728,1
0.2992657980944293,0.9673578505268272,1
-0.587332563188415,0.7143585139975059,1
0.4093615254732934,0.16754556102822327,1
-0.16446643566533248,-0.854196329264193,0
0.07997075943171095,-0.42518080706884054,0
-0.5151805351698395,0.1208812619608799,0
0.5220479818859978,0.2448272831319933,1
0.4815372355084089,-0.35064814621988005,1
0.0068345417097137595,-0.44619102524438214,0
-0.5150589927305407,0.4629929806807247,0
0.22344149246870448,0.9369775551887676,1
-0.9281154524065158,0.7902354814130728,0
-0.9060680664498899,0.25246864284212767,0
0.8809171687058286,0.6550757911337486,1
0.6719602410244117,-0.8356566650471453,0
0.29094459181433563,-0.26448129824542077,0
0.7544010816262166,0.1864431402147686,1
0.9732602459176938,-0.2581179836844696,1
0.2728604990872734,0.9623556735245891,1
0.7287164996792741,0.9826558031284411,1
-0.2277947243984515,0.8747761329942378,1
-0.27274079524141204,0.9849670043167504,1
0.3054922157037494,-0.25765515312474485,0
-0.003115602141885443,0.6564985048744367,1
0.021494605155131463,-0.09925812748362972,0
0.33039444139240026,0.8057899903839745,1
-0.525546416528011,0.6828951061695199,1
-0.5596335961003773,-0.6660938225056026,0
-0.7776050353876973,0.9966950227858993,1
-0.5900314091683581,-0.3082450785242852,0
-0.23821828673795697,0.12033636692368388,0
-0.0149646123622722,-0.14783323221925704,0
0.19127748121568855,0.6098135536828773,1
0.014469617376784871,0.42524266619702566,1
-0.7917828360308523,-0.13802955897340752,0
0.5343765778622538,0.045153198673490325,1
-0.19303426757520592,0.33804467465821664,1
0.7896547008552977,0.7684129266968156,1
0.8969066139243134,-0.9220079748501768,0
-0.821177995375481,0.7773181605307973,0
0.3177709404653144,0.614141807733406,1
-0.06267871601174746,-0.157503893411856,0
-0.8225949324858888,0.3917982363376049,0
-0.35264152719151265,-0.479426284867994,0
0.15656028199234795,0.3187078444115654,1
-0.9756910506203673,-0.9516164722172895,0
0.34340136881171346,-0.7704622562615651,0
0.7904136753743987,-0.9747849600484819,0
-0.4128163114710133,-0.21104744285992938,0
-0.3034890659533993,-0.3395698702570049,0
0.6984468209883559,-0.5216397915681488,1
-0.28101769756048967,-0.24822342970846134,0
-0.9469773789167564,0.5100838574925566,0
0.9097305613263882,0.28780850708226136,1
0.2817494896064292,0.9289533078016232,1
-0.22652930739892518,-0.1940396424696771,0
0.014935467521672408,0.30327952095455313,1
0.2670594215217894,0.8387839464288347,1
0.2622772519945258,0.23043887646202177,1
0.9004747076416049,0.9614786871668588,1
-0.08786003156592814,-0.02825648162734873,0
-0.36399305005627225,0.12459363175581961,0
0.08528926941515325,0.22786716952012354,1
-0.7026745444937741,0.8834514232378501,1
0.5814463296779271,0.5322318655911724,1
-0.6512671419900171,-0.39064172180391843,0
0.09845332941224094,-0.5886254756088898,0
0.8724244924873796,0.8157975875592387,1
0.7415069006745183,0.8941813342170382,1
0.8416956956313737,0.6222475398669418,1
-0.05305645843886864,-0.135846234111608,0
-0.34920060368146455,-0.8844388780072667,0
0.015220757368910043,0.3414646238116681,1
0.5997105118946304,-0.08295398223621864,1
0.6516335011295253,-0.05543639167403658,1
-0.7262287398623855,-0.48133020536581106,0
0.27511494271042625,-0.19136246379141575,0
0.36651752731919185,0.4260921012686374,1
0.1848155693190352,0.4050810030696139,1
0.3684660530243138,-0.6371233046087461,0
0.9427901880832792,0.7881886050665015,1
-0.9872282565663328,0.4771949162646614,0
-0.2796187171774742,0.3604555584167066,0
-0.909391980455911,-0.6050590202801254,0
-0.19613817278151569,-0.4008686440922522,0
0.3949429233385673,-0.26037348802564675,1
0.45433813953261604,0.9018571890050968,1
-0.5355746097063654,0.7113921876750788,1
0.18718490710809732,-0.0814696056535722,1
-0.005650471983145389,0.6550126397464424,1
0.2268227784214154,-0.8564483875469739,0
-0.3043815841956139,-0.789270155498287,0
-0.6991662177929436,0.3275793723511782,0
-0.44523763403773464,0.22045029895528256,0
0.45643269722371915,-0.10559491899032869,1
0.7822862273961422,0.03615753247763087,1
0.2212400848832652,-0.10588891238714915,1
-0.5575811163607955,-0.8750848127618571,0
-0.43807362081553936,-0.0070776952894004985,0
0.9799204647798905,0.8361531043983013,1
0.024186116598561958,0.7361133802149007,1
-0.846040180342414,0.08002382920902118,0
-0.9266335942188042,0.763855516609288,0
-0.8732500590544645,0.4798082415338607,0
-0.09556411822038569,-0.8977292371157986,0
0.09123357863186987,0.09005383779387666,1
-0.8970424975000213,0.5640561753407718,0
0.12968226652523285,0.06793494509552755,1
0.8593953046851461,0.0659155731026706,1
-0.07260319012003569,0.5027501720580914,1
0.01050474489571429,0.5219815200561877,1
-0.42273889351948846,-0.07928345759614741,0
0.5998321707463787,-0.36226636335772233,1
0.7851179969799555,0.1155668347400498,1
-0.9185423953620597,0.3129572146630053,0
-0.854473987271613,-0.4603585597435713,0
-0.6297341423227607,0.6550378442126061,0
0.6604397291339832,-0.13894132307558493,1
0.353026771554493,0.7233818075746905,1
-0.9211463772629882,0.02086497800846443,0
-0.5897207190359857,0.4479461109321876,0
-0.8046557719872323,0.3622357079299656,0
0.9248945898842225,0.07991426056111917,1
0.7235712420270346,-0.31366529365468354,1
-0.35408705411750807,-0.6296088642650641,0
0.08897819592169909,0.4097420200867634,1
-0.2406151836654662,-0.09199675760777026,0
0.9012142938751122,0.9926686752544946,1
-0.2714602779038491,0.8122865095315328,1
-0.7649475064457902,-0.7633276181532254,0
0.7365425610265173,-0.39211497548994534,1
-0.7798961509446465,0.9152505690107604,1
-0.37655586440890354,0.20384686203026314,0
0.7971083770541585,0.012283725680488189,1
0.16608312193938435,-0.37756500987321284,0
0.11928066261643577,-0.9125218553821053,0
0.14012234017872993,-0.780527602644993,0
-0.4615135381012381,-0.6251761118048356,0
0.2484759918279842,-0.7701340058808663,0
0.36300544444785854,0.8215403232878304,1
-0.7984439972451467,0.6355706597138902,0
-0.694281721631336,0.958209876030309,1
-0.4381309806252385,0.6452286370273568,1
-0.009017367587603076,0.9619747563253702,1
0.5469462513732013,0.013840875923669227,1
0.23170019610443293,-0.5186145763349901,0
-0.6451209124405544,-0.506642270956754,0
-0.8303245718296162,-0.8828981415120416,0
-0.7263627381620772,0.7311542912491045,0
-0.6237576805524774,-0.7292918354446289,0
-0.25349641674131984,0.6000069635273628,1
-0.7001651453024524,0.20130213309671174,0
0.7547461438559109,-0.6999026706120315,0
0.4965193807673167,0.7648327368146774,1
0.7113929362125715,-0.6662795966024944,0
0.6642683559154838,-0.7267981926976548,0
-0.24611114115018484,-0.5209796601809238,0
0.4563775124072067,-0.07464878986921297,1
-0.052076719474255295,0.5857088380676787,1
0.743687055490464,-0.5760118906026839,1
0.1858798696834063,-0.36745970054138644,0
0.8566371251754508,-0.03731169672935275,1
-0.9860957389376186,-0.8066471007065608,0
0.1192973669738282,0.9623850583282316,1
-0.46879991482258787,0.6854238043211098,1
0.8493872365571256,0.28194415469066403,1
0.04878053865516008,-0.4099185846916875,0
0.5067563705178832,-0.7050949465874321,0
-0.5120207132418328,-0.8754164037398746,0
0.4999209407983556,0.8265738951524735,1
0.801403728022517,-0.5582944340739822,1
0.4760672328527409,-0.1964423986913515,1
-0.33300165661771164,0.2158104281814075,0
0.1509483557517579,0.4569813543232264,1
0.948789615332333,-0.8858905576974914,0
0.37113057445794273,0.8349716862639804,1
0.8789978831283782,0.6383777188535804,1
0.11086341120525489,0.9440106592630741,1
-0.6880109593275947,-0.20235443820619903,0
0.45143901677671994,-0.024857612653231387,1
0.8107012839121275,-0.6703703685411257,1
0.8437484700462337,-0.5759103201835467,1
0.8615146512071294,0.4661425920593496,1
-0.6009150981417097,0.986510030845928,1
0.2551161601681269,-0.03406225582928957,1
0.9078571540051747,0.4672287611228041,1
-0.8137944643882016,-0.6503227454791749,0
0.10409436170396047,0.010910235820899894,1
-0.6309579612872454,0.6072070708830704,0
-0.04789919560180067,0.08604916791532635,0
0.6983913031306386,-0.1217003667325034,1
0.38789688893420005,-0.491216838316306,0
0.5703519227860272,-0.4864468645589841,0
0.08253315735222055,0.03172380542465625,1
0.8129442219290939,0.1979570163544211,1
0.040136042355621626,0.10045308431252353,1
0.9397576534152781,0.6633940873515469,1
0.645074485846338,0.5534211139103624,1
-0.8260264801771797,-0.8214209509488541,0
0.26452857583906075,-0.16210441962504918,1
-0.8519106965318193,0.283943000886532,0
-0.9389995001219011,-0.6996619983659167,0
0.44450513678613257,0.012532118990405516,1
-0.8395325086767156,-0.6502371256480812,0
-0.8344026641497471,0.9876967777993964,1
-0.5208762186660552,-0.3937432881093428,0
0.4521826674453231,-0.3005935405083009,1
-0.5590275818596493,-0.45718123910657127,0
-0.3809447674273445,0.8125091610420734,1
0.08326842932173384,0.9118376579106384,1
-0.4964018821860945,-0.05501328998697286,0
-0.1825316578038072,-0.14013784521970374,0
0.6341441418985598,-0.3893786466065374,1
0.5975664715473308,0.8953760519289415,1
0.4049299410882079,0.6872993281036475,1
-0.0147497914182817,0.8662266626871153,1
-0.14491796328290074,-0.8411612620220268,0
0.5502656467222291,0.20322364029266238,1
-0.3247696571927441,0.5908999215794584,1
-0.48419434591012034,-0.5747112472578078,0
-0.672688114268591,-0.4001617769860306,0
-0.7636703447566875,0.3777706041001814,0
0.2999278615555303,-0.12479375188921615,1
-0.7662039185832719,-0.8122854303532876,0
-0.949298513169085,-0.46990714334999195,0
0.08259267060214093,0.9202712088108944,1
0.5596907903022872,-0.2644280244876942,1
0.2134300927657118,-0.4130223535837567,0
0.14687577624657222,-0.2633809389863033,0
0.5156922209287382,0.2037631792726442,1
-0.4804924324793476,-0.22470238908870588,0
0.48789258514535394,-0.11323997124162455,1
-0.5801888138088285,0.22514693668963837,0
-0.7604757363614976,-0.057664202134370734,0
0.6202267893583615,0.5700330876741138,1
0.19077003464008757,-0.9797376319445132,0
-0.23134670568063664,0.9579622303496178,1
0.316903669316851,0.0008022914204024456,1
-0.007267505597527313,-0.7503583720663034,0
-0.7212878518543517,0.20588575295892309,0
0.7468464761633211,0.011915815469863311,1
-0.8364819361022562,0.7879794200157408,0
0.8781353970257924,0.6164704200184443,1
-0.5378504068238572,0.6448447473365568,1
-0.5701192428184865,0.4442864709118117,0
0.9259840077179893,-0.464814646544057,1
0.08127024322021303,-0.2934971829958717,0
0.04613084953823865,0.7045277487823629,1
-0.8111140784881432,0.011705385903657994,0
